"date","quartier","temperature","humidite","force_moyenne_du_vecteur_de_vent","force_du_vecteur_de_vent_max","pluie_intensite_max","sismicite","concentration_gaz","pluie_totale","has_catastrophe","prediction"
2170-01-01,"5",5.7,75.6,3.8,4.3,0,0.41,143.29,475.72,"1","1"
2170-01-02,"2",8.3,62.4,9.3,16.1,0,0.93,296.94,450.04,"0","1"
2170-01-03,"2",7.2,64.4,3.4,4.1,0,0.65,163.94,273.09,"1","1"
2170-01-05,"3",9.2,65.9,3.7,5.7,0,0.96,162.04,2.84,"0","0"
2170-01-05,"4",9.2,65.9,3.7,5.7,0,0.32,196.66,137.99,"1","1"
2170-01-07,"3",5.7,72.2,3.1,3.7,0,0.74,225.39,393.16,"1","1"
2170-01-07,"4",5.7,72.2,3.1,3.7,0,0.63,102.15,320.29,"1","1"
2170-01-08,"3",8.5,62.9,3.2,2.8,0,0.58,215.81,341.24,"0","0"
2170-01-08,"4",8.5,62.9,3.2,2.8,0,0.63,178.24,502.82,"1","1"
2170-01-09,"3",6,64.9,3.2,2.9,0,0.92,176.5,750.79,"0","0"
2170-01-12,"5",12,59.7,8.3,14.4,0,0.58,148.72,693.65,"0","1"
2170-01-15,"2",11.8,70.3,10.1,20.4,0,0.86,241.75,136.27,"1","1"
2170-01-16,"5",11.2,71.6,3.3,3.1,0,0.46,122.23,267.31,"1","1"
2170-01-18,"1",13.4,66.9,2.9,2.6,0,0.74,241.64,32.3,"1","1"
2170-01-18,"4",13.4,66.9,2.9,2.6,0,0.55,180.8,391.31,"1","1"
2170-01-19,"5",11,59.2,4.9,10.2,0,0.35,117.05,244.93,"1","1"
2170-01-21,"3",20.4,73.1,3.9,9.7,0,0.88,174.83,780.3,"0","0"
2170-01-21,"5",20.4,73.1,3.9,9.7,0,0.47,109.03,8.05,"1","1"
2170-01-22,"3",13.5,72.4,12.3,22.3,0.1,0.66,207.91,478.4,"0","1"
2170-01-22,"4",13.5,72.4,12.3,22.3,0.1,0.31,131.85,525.26,"1","1"
2170-01-23,"2",11.1,71.5,4.6,7.7,0.2,0.75,282.23,533.89,"1","1"
2170-01-23,"5",11.1,71.5,4.6,7.7,0.2,0.6,144.88,605.68,"1","1"
2170-01-24,"1",12.4,73.4,12.1,18.8,0.1,0.61,153.09,163.99,"0","0"
2170-01-24,"3",12.4,73.4,12.1,18.8,0.1,0.56,256.43,260.19,"0","0"
2170-01-26,"1",10.5,51.8,4.1,6.9,0,0.61,251.54,669.74,"0","1"
2170-01-26,"2",10.5,51.8,4.1,6.9,0,0.79,215.66,260.99,"1","1"
2170-01-27,"4",18.4,84.7,7.6,10.3,0.1,0.38,177.67,420.55,"0","1"
2170-01-28,"3",15.2,72.1,3.6,4.1,0,0.8,194.29,232.67,"0","0"
2170-01-28,"4",15.2,72.1,3.6,4.1,0,0.69,129.18,459.26,"1","1"
2170-01-28,"5",15.2,72.1,3.6,4.1,0,0.61,100.78,292.78,"0","0"
2170-01-30,"4",16.2,63.5,12.5,21.6,0,0.44,155.54,556.38,"1","1"
2170-02-04,"2",20.2,66.8,6.6,14.1,0,0.83,268.13,481.77,"0","1"
2170-02-04,"3",20.2,66.8,6.6,14.1,0,0.94,299.45,646.93,"1","0"
2170-02-06,"2",21.4,74,11.9,25.5,0,0.99,170.44,86.02,"1","1"
2170-02-07,"5",16.8,69.5,11.3,18,0,0.56,132.54,757.86,"1","1"
2170-02-08,"4",12.2,67.1,5.5,8.3,0,0.63,192.2,387.36,"1","1"
2170-02-08,"5",12.2,67.1,5.5,8.3,0,0.49,122.3,767.99,"0","1"
2170-02-09,"2",14.5,75.8,6.3,11.7,0,0.72,265.04,790.9,"1","1"
2170-02-09,"4",14.5,75.8,6.3,11.7,0,0.32,161.18,986.29,"1","1"
2170-02-12,"4",16,64.3,13.3,24.9,0,0.58,168.33,104.73,"1","1"
2170-02-13,"2",14.9,79.5,4.9,6.8,0,0.85,221.84,56.65,"0","1"
2170-02-13,"5",14.9,79.5,4.9,6.8,0,0.45,115.25,201.13,"0","1"
2170-02-16,"1",18.1,71.2,6.1,16.4,0,0.83,170.75,51.81,"0","0"
2170-02-16,"5",18.1,71.2,6.1,16.4,0,0.47,132.96,701.51,"1","1"
2170-02-17,"3",15.2,57.6,5.5,8.5,0,0.95,251.71,16.94,"1","1"
2170-02-18,"4",14.9,61.1,7.1,21.4,0,0.43,128.52,814.78,"1","1"
2170-02-19,"2",16.9,70,6.2,23.2,0,0.82,186.09,147.55,"1","1"
2170-02-20,"1",22.3,63.2,12.8,34.2,0,0.89,255.75,704.95,"0","1"
2170-02-21,"3",18.9,64.4,32.3,57.6,0,0.56,183.83,502.92,"0","0"
2170-02-23,"5",22.8,76.3,5.8,14.6,0,0.44,196.46,975.01,"1","1"
2170-02-24,"2",20.7,63.8,8,21.9,0,0.67,180.02,316.31,"1","1"
2170-02-25,"1",15.7,65.6,5,10.5,0,0.83,275.64,540.49,"1","1"
2170-02-26,"2",15.1,67.6,4.7,8.1,0,0.79,286.29,914.53,"0","1"
2170-02-27,"4",15.4,63.4,5,9.7,0,0.62,176.96,969.35,"1","1"
2170-03-01,"5",20.1,63.9,13.9,30,0,0.68,136.43,513.82,"1","1"
2170-03-03,"2",20,58.5,5.7,12,0,0.79,295,442.08,"1","1"
2170-03-04,"1",17.7,68.2,4.7,10.8,0,0.5,263.54,273.91,"0","0"
2170-03-04,"4",17.7,68.2,4.7,10.8,0,0.69,159.98,386.32,"1","1"
2170-03-05,"2",18.8,52.5,3.3,6.6,0,0.66,287.84,437.62,"1","1"
2170-03-09,"3",16.8,48.6,8.4,15.7,0,0.74,238.77,695.64,"1","1"
2170-03-10,"3",15.7,56.2,3.2,4.1,0,0.59,240.78,55.96,"0","0"
2170-03-16,"2",14.2,55.1,11.9,19.9,0,0.98,183.88,377.21,"1","1"
2170-03-16,"5",14.2,55.1,11.9,19.9,0,0.65,154.93,475.24,"1","1"
2170-03-17,"1",20,52.2,9.6,20.3,0,0.6,234.85,6.24,"0","0"
2170-03-17,"5",20,52.2,9.6,20.3,0,0.53,141,690.3,"1","1"
2170-03-18,"2",13.1,54.1,4.9,12.2,0,0.68,269.04,863.51,"0","1"
2170-03-19,"5",9,63.2,7.4,11.1,0,0.46,152.54,676.64,"1","1"
2170-03-23,"2",17.3,53.5,4.5,6,0,0.64,278.72,832.08,"1","1"
2170-03-24,"1",18.6,48.7,4.9,6.9,0,0.87,225.41,260.05,"1","1"
2170-03-25,"3",19.6,59,3.6,7.3,0,0.6,183.51,71.35,"0","0"
2170-03-26,"1",22,52.1,8.4,14.3,0,0.78,252.49,60.54,"1","1"
2170-03-26,"5",22,52.1,8.4,14.3,0,0.4,159.14,981.37,"1","1"
2170-03-27,"4",17.9,49.1,4.5,8.3,0,0.48,153.27,934.88,"1","1"
2170-03-28,"2",18.2,48.9,5.4,8.6,0,0.79,269.49,147.27,"1","1"
2170-03-28,"3",18.2,48.9,5.4,8.6,0,0.58,209.05,107.51,"0","0"
2170-03-30,"4",22.3,41.7,8,21,0,0.51,188.65,760.25,"1","1"
2170-04-01,"3",26,41,7.3,22.1,0,1,241.61,0.71,"1","0"
2170-04-03,"1",20.4,46.3,8.6,17.8,0,0.59,172.17,276.32,"0","0"
2170-04-05,"2",25.9,34.5,13,25.7,0,0.76,288.78,829.77,"1","1"
2170-04-06,"5",16.1,29.7,6,17.1,0,0.34,106.76,621.28,"1","1"
2170-04-09,"1",18.4,51.3,11.1,28,0,0.79,269.62,779.59,"1","0"
2170-04-10,"4",19.6,57.2,8.3,21.6,0,0.68,171.93,404.84,"1","1"
2170-04-11,"4",11.6,64.6,9.5,16.8,0,0.63,165.22,423.02,"1","1"
2170-04-12,"2",18.1,51.9,6.2,12.9,0,0.53,150.45,780.03,"1","1"
2170-04-12,"3",18.1,51.9,6.2,12.9,0,0.51,216.15,118.61,"0","0"
2170-04-13,"1",18.1,39.6,4,6.6,0,0.97,195.78,678.58,"0","0"
2170-04-13,"3",18.1,39.6,4,6.6,0,0.98,219.07,799.87,"1","1"
2170-04-14,"1",20.8,40.8,4.2,7.5,0,0.93,260.13,17.23,"1","1"
2170-04-14,"4",20.8,40.8,4.2,7.5,0,0.31,145.79,639.14,"0","1"
2170-04-15,"3",15.9,38.3,4,7,0,0.73,152.33,69.36,"0","0"
2170-04-15,"5",15.9,38.3,4,7,0,0.34,125.82,663.49,"1","1"
2170-04-17,"3",15.1,37.8,10.3,17.4,0,0.99,218.02,530.39,"0","1"
2170-04-18,"1",18.1,44.2,7.4,13.6,0,0.82,269.02,97.51,"0","1"
2170-04-18,"3",18.1,44.2,7.4,13.6,0,0.59,191.85,792.31,"0","0"
2170-04-18,"4",18.1,44.2,7.4,13.6,0,0.35,118,976.5,"1","1"
2170-04-19,"4",23.3,31.6,4.6,8,0,0.5,194.29,911.52,"1","1"
2170-04-20,"1",23.3,42.4,4.2,7.1,0,0.65,155.32,707.67,"0","0"
2170-04-23,"4",10.6,19.2,7.3,16.1,0,0.65,171.82,460.57,"0","1"
2170-04-24,"5",30.1,31.6,6.9,20.7,0,0.68,139.12,566.93,"1","1"
2170-04-25,"4",19.7,51.6,6.6,19.1,0,0.39,198.46,281.3,"1","1"
2170-04-26,"2",22.9,61.3,3.5,8.4,0.1,0.73,278.23,85.51,"1","1"
2170-04-26,"5",22.9,61.3,3.5,8.4,0.1,0.56,137.31,182.49,"0","1"
2170-04-27,"3",21.2,71,3.3,3.3,0,0.83,263.2,134.89,"1","1"
2170-04-27,"4",21.2,71,3.3,3.3,0,0.49,126.33,574.87,"1","1"
2170-04-27,"5",21.2,71,3.3,3.3,0,0.45,126.01,22.59,"1","1"
2170-04-28,"2",19.7,72.1,4.7,6.6,0,0.56,195.18,518.01,"0","1"
2170-04-30,"2",18.2,63.8,4.5,7.3,0,0.76,234.3,326.05,"1","1"
2170-05-03,"1",23.7,39.6,3.8,7.6,0,0.95,234.15,745.06,"0","1"
2170-05-03,"3",23.7,39.6,3.8,7.6,0,0.52,247.04,183.16,"0","0"
2170-05-03,"5",23.7,39.6,3.8,7.6,0,0.61,177.44,377.38,"0","1"
2170-05-04,"4",20.6,47.9,6.2,13.4,0,0.57,199.5,318.48,"1","1"
2170-05-07,"2",22.4,62.8,6.5,11.9,0,0.6,158.8,162.44,"1","1"
2170-05-07,"3",22.4,62.8,6.5,11.9,0,0.79,254.43,646.91,"1","1"
2170-05-07,"5",22.4,62.8,6.5,11.9,0,0.64,146.35,269.66,"1","1"
2170-05-09,"2",26.2,62.4,7.8,23.6,0,0.86,162.82,884.51,"0","1"
2170-05-10,"1",21.9,56.3,6.2,9.7,0,0.98,156.16,775.69,"0","0"
2170-05-10,"2",21.9,56.3,6.2,9.7,0,0.78,183.22,851.89,"0","1"
2170-05-10,"5",21.9,56.3,6.2,9.7,0,0.4,123.55,6.39,"1","1"
2170-05-12,"1",23.7,53.2,10.1,17.6,0,0.72,182.24,160.33,"0","0"
2170-05-13,"4",16.8,64.9,5.4,10.7,0.1,0.53,109.86,98.68,"0","1"
2170-05-14,"5",18.5,48.7,12,20.2,0,0.31,107.79,505.32,"1","1"
2170-05-15,"4",21.9,81.1,2.2,1.9,0.3,0.6,119.76,379.75,"0","1"
2170-05-15,"5",21.9,81.1,2.2,1.9,0.3,0.7,161.74,809.91,"1","1"
2170-05-16,"5",23.1,79.5,7.4,13,0.1,0.69,129.77,354.46,"1","1"
2170-05-17,"5",23.9,57.2,12.9,21.2,0,0.69,157.32,371.22,"1","1"
2170-05-18,"2",23.1,61.8,5.2,10.2,0,0.84,240.57,221.21,"0","1"
2170-05-21,"3",20.6,63.6,6,13.3,0,0.91,247.03,790.27,"1","1"
2170-05-23,"3",24.4,38.7,3.8,7.3,0,0.7,272.69,331.33,"1","1"
2170-05-23,"5",24.4,38.7,3.8,7.3,0,0.54,114.35,291.81,"0","1"
2170-05-24,"3",15.8,61.9,4.8,7.6,0,0.82,256.04,23.44,"1","1"
2170-05-24,"5",15.8,61.9,4.8,7.6,0,0.56,161.2,855.4,"1","1"
2170-05-25,"4",18.8,49.2,7.9,13.6,0,0.55,190.9,548.99,"1","1"
2170-05-26,"4",23.2,54.9,3.7,6.7,0,0.55,149.86,514.37,"0","1"
2170-05-28,"3",29,35.3,3.9,8.6,0,0.84,227.35,440.57,"0","1"
2170-05-28,"5",29,35.3,3.9,8.6,0,0.44,186.92,781.67,"0","1"
2170-05-29,"2",29.6,56.3,6.1,9.5,0,0.94,272.48,800.48,"1","1"
2170-05-29,"3",29.6,56.3,6.1,9.5,0,0.95,157.2,509.61,"0","0"
2170-05-29,"5",29.6,56.3,6.1,9.5,0,0.34,197.71,312.43,"1","1"
2170-05-30,"3",30.8,53.9,4.9,9.2,0,0.85,156.63,600.14,"0","0"
2170-05-30,"5",30.8,53.9,4.9,9.2,0,0.48,150.42,334.14,"0","1"
2170-05-31,"1",31,49.4,4.5,13.7,0,0.76,167.43,175.56,"0","0"
2170-05-31,"3",31,49.4,4.5,13.7,0,0.64,249.32,775.28,"0","1"
2170-06-01,"3",30.4,48.1,4.4,18.3,0,0.61,278.58,781.49,"1","0"
2170-06-01,"4",30.4,48.1,4.4,18.3,0,0.6,103.26,918.31,"1","1"
2170-06-01,"5",30.4,48.1,4.4,18.3,0,0.37,107.38,796.22,"1","1"
2170-06-03,"4",33.4,55.1,4,15.2,0,0.65,198.69,318.51,"0","1"
2170-06-05,"1",33,50.2,3.1,7.9,0,0.83,298,187.66,"1","1"
2170-06-05,"5",33,50.2,3.1,7.9,0,0.46,156.36,973.34,"1","1"
2170-06-06,"5",31.8,39.4,6.8,14.5,0,0.39,128.29,279.97,"0","1"
2170-06-07,"2",33.7,43.6,5.6,11.5,0,0.75,213.92,837.69,"0","1"
2170-06-11,"4",35.8,42.9,4.7,11.7,0,0.63,171.96,692.17,"1","1"
2170-06-12,"3",38.9,46,3.5,9.2,0,0.77,199.39,429.72,"0","0"
2170-06-12,"5",38.9,46,3.5,9.2,0,0.53,185.01,339.08,"1","1"
2170-06-13,"5",34.8,43.1,1.1,1.2,0,0.61,162.19,153.67,"1","1"
2170-06-16,"3",40.1,36.3,4.9,17.2,0,0.75,183.09,173.28,"0","0"
2170-06-18,"1",2,32,2.5,7.2,0,0.91,159.05,787.33,"0","0"
2170-06-18,"3",2,32,2.5,7.2,0,0.5,199.88,12.02,"0","0"
2170-06-20,"1",37.6,53.4,2.3,7.1,0,0.99,247.59,43.88,"0","1"
2170-06-20,"5",37.6,53.4,2.3,7.1,0,0.63,139.41,548.3,"1","1"
2170-06-22,"2",29.9,54.5,5.1,12.5,0,0.59,165.94,366.92,"1","1"
2170-06-23,"3",31.3,63.1,6.8,12.1,0.1,0.71,189.86,132.32,"0","0"
2170-06-24,"3",30.4,57.6,5.6,12.1,0,0.78,296.98,633.45,"1","1"
2170-06-25,"2",35,48.5,2.3,5.9,0,0.85,236.61,397.57,"0","1"
2170-06-25,"3",35,48.5,2.3,5.9,0,0.95,280.44,119.64,"1","1"
2170-06-26,"1",36.5,45.6,5.2,13.1,0,0.66,221.99,153.62,"1","1"
2170-06-26,"2",36.5,45.6,5.2,13.1,0,0.67,184.73,805.53,"1","1"
2170-06-26,"4",36.5,45.6,5.2,13.1,0,0.58,124.92,450.29,"0","1"
2170-06-27,"5",31.8,65.3,3.2,7.1,0.1,0.6,178.29,482.31,"1","1"
2170-06-28,"2",32.2,40.5,6.8,14.4,0,0.99,292.97,904.8,"1","1"
2170-06-30,"1",31.4,50.4,3.5,8.3,0,0.9,216.03,708.33,"1","1"
2170-06-30,"3",31.4,50.4,3.5,8.3,0,0.91,274.44,392.93,"1","1"
2170-06-30,"5",31.4,50.4,3.5,8.3,0,0.47,174.28,798.58,"0","1"
2170-07-02,"1",41.3,39.3,3.2,8.4,0,0.6,275.14,243.74,"0","0"
2170-07-03,"2",37,55.4,2.9,6,0,0.85,160.61,476.65,"0","1"
2170-07-04,"2",36.4,54,4.5,10.3,0,0.82,297.24,94.96,"1","1"
2170-07-05,"1",34.2,54.7,3.8,13.9,0.1,0.86,255.23,380.34,"1","1"
2170-07-06,"2",33.3,57.9,3.7,7.8,0,0.63,222.37,719.11,"1","1"
2170-07-07,"2",32.4,48.1,5.6,13.4,0,0.9,172.98,418.53,"1","1"
2170-07-09,"3",33.8,47.1,1.2,0,0,0.92,188.07,504.78,"0","0"
2170-07-09,"5",33.8,47.1,1.2,0,0,0.54,152.1,992.43,"1","1"
2170-07-10,"4",32.1,44.3,6.6,11.5,0,0.64,109.75,92.52,"1","1"
2170-07-11,"4",36.8,44.1,3.7,9.1,0,0.63,131.13,449.74,"1","1"
2170-07-11,"5",36.8,44.1,3.7,9.1,0,0.5,197.12,238.89,"1","1"
2170-07-12,"1",32.1,63.6,8.9,16.6,0,0.57,239.36,57,"0","0"
2170-07-12,"3",32.1,63.6,8.9,16.6,0,0.55,168.01,33.24,"0","0"
2170-07-14,"1",29.7,57,10.9,20,0,0.72,295.89,309.88,"0","1"
2170-07-14,"2",29.7,57,10.9,20,0,0.62,172.71,631.35,"1","1"
2170-07-14,"3",29.7,57,10.9,20,0,0.55,286.79,344.61,"0","0"
2170-07-15,"4",33.9,50.4,6.8,12.7,0,0.44,129.1,145,"1","1"
2170-07-15,"5",33.9,50.4,6.8,12.7,0,0.51,178.71,832.11,"1","1"
2170-07-16,"4",9.4,31.4,3.1,6.3,0,0.67,169.94,517.13,"1","1"
2170-07-16,"5",9.4,31.4,3.1,6.3,0,0.62,151.37,923.11,"0","1"
2170-07-17,"1",19.9,28,3.8,7.4,0,0.67,155.16,336.11,"0","0"
2170-07-17,"2",19.9,28,3.8,7.4,0,0.65,284.39,852.61,"1","1"
2170-07-17,"3",19.9,28,3.8,7.4,0,0.71,266.76,130.4,"1","1"
2170-07-18,"1",40.8,41.4,6.9,14.3,0,0.81,196.3,790.06,"0","0"
2170-07-20,"3",44.2,36.8,3.9,10.6,0,0.94,230.43,480.23,"1","1"
2170-07-21,"3",39.1,55.7,3.4,8,0,0.52,299.83,452.84,"0","0"
2170-07-21,"5",39.1,55.7,3.4,8,0,0.54,105.78,487.84,"1","1"
2170-07-23,"4",40.7,36.1,6.3,17.9,0,0.38,112.46,478.09,"1","1"
2170-07-23,"5",40.7,36.1,6.3,17.9,0,0.48,148.3,579.31,"0","1"
2170-07-24,"2",37.6,46.9,6.2,13.1,0,0.82,212.89,716.25,"0","1"
2170-07-25,"2",35,51.6,6.9,12,0,0.57,265.31,516.4,"1","1"
2170-07-25,"4",35,51.6,6.9,12,0,0.52,124.66,740.67,"0","1"
2170-07-25,"5",35,51.6,6.9,12,0,0.46,109.18,859.21,"0","1"
2170-07-26,"1",35.8,52.5,3.7,9.2,0,0.5,288.56,681.01,"0","0"
2170-07-27,"3",34.8,43.2,3,8.7,0.1,0.57,237.13,113.75,"0","0"
2170-07-27,"5",34.8,43.2,3,8.7,0.1,0.39,152.92,579.56,"1","1"
2170-07-28,"4",31,51,3,5.6,0.1,0.5,172.48,602.13,"1","1"
2170-07-30,"1",33.2,53.5,4.4,10.3,0,0.85,219.71,53.34,"1","1"
2170-08-02,"4",31.1,54.7,2.6,6,0,0.68,125.6,68.45,"0","1"
2170-08-03,"5",34.1,48.4,2.5,6.8,0,0.41,173.81,454.9,"1","1"
2170-08-04,"1",33.4,53.6,8.2,14.6,0.1,0.9,282.18,602.3,"1","1"
2170-08-04,"4",33.4,53.6,8.2,14.6,0.1,0.54,158.92,151.87,"1","1"
2170-08-05,"1",33.4,44.1,4.2,10.9,0,0.63,277.64,362.99,"0","1"
2170-08-05,"2",33.4,44.1,4.2,10.9,0,0.75,159.71,632.75,"1","1"
2170-08-05,"5",33.4,44.1,4.2,10.9,0,0.37,198.07,619.4,"1","1"
2170-08-07,"1",33.6,53.8,6.7,12.4,0,0.68,157.77,398.88,"0","0"
2170-08-07,"3",33.6,53.8,6.7,12.4,0,0.57,292.64,292.76,"0","0"
2170-08-07,"5",33.6,53.8,6.7,12.4,0,0.33,109.17,226.44,"0","1"
2170-08-09,"5",29.7,53.4,1.9,1.4,0,0.57,181.53,677.07,"0","1"
2170-09-17,"2",33.2,45.3,2.9,6.4,0,0.97,247.3,891.82,"1","1"
2170-09-17,"3",33.2,45.3,2.9,6.4,0,0.69,176.73,259.39,"0","0"
2170-09-18,"3",31.3,65,4.8,10.2,0,1,207.13,57.26,"1","1"
2170-09-19,"3",31.2,61.7,10.6,17.8,0,0.5,211.9,377.55,"0","0"
2170-09-20,"1",29.9,55.2,6.1,12.9,0.1,0.59,286.47,271.05,"0","0"
2170-09-20,"3",29.9,55.2,6.1,12.9,0.1,0.78,165.53,251.81,"0","0"
2170-09-21,"1",29.9,51.5,3.8,7.6,0,0.72,243.54,73.88,"1","1"
2170-09-21,"4",29.9,51.5,3.8,7.6,0,0.41,171.03,518.26,"1","1"
2170-09-23,"1",32.7,53.3,1.5,3,0,0.72,199.35,316.86,"0","0"
2170-09-25,"2",36.2,50.3,3.2,11.2,0,0.87,276.92,856.11,"1","1"
2170-09-29,"1",30,54.7,7.1,11,0,0.61,220.54,541.38,"1","1"
2170-09-29,"4",30,54.7,7.1,11,0,0.57,116.95,857.8,"0","1"
2170-10-02,"4",26.6,60.3,4.5,15,0,0.44,174.83,461.15,"1","1"
2170-10-03,"1",24.8,65.2,5.8,13.8,0.1,0.86,191.97,745.55,"0","0"
2170-10-04,"1",25.4,64.4,6.2,10.9,0,0.81,258.95,429.8,"1","1"
2170-10-07,"1",17.1,63,3.5,4.9,0,0.65,228.5,625.8,"0","1"
2170-10-08,"1",20.2,64.2,4.6,6.7,0,0.79,196.9,88.13,"0","0"
2170-10-09,"3",21.3,72,3.8,5.3,0,0.81,197.64,327.19,"0","0"
2170-10-10,"4",25.1,65.4,3.8,5.4,0,0.48,139.53,963.05,"0","1"
2170-10-11,"5",19,58.7,3.6,5.6,0,0.67,124.21,308.78,"1","1"
2170-10-15,"1",22.5,58.1,4.3,7.3,0,0.99,158.11,569.5,"0","0"
2170-10-15,"2",22.5,58.1,4.3,7.3,0,0.93,155.78,600.93,"1","1"
2170-10-15,"5",22.5,58.1,4.3,7.3,0,0.65,126.52,595.85,"1","1"
2170-10-16,"1",19.7,67.2,3.7,4.4,0,0.97,249.85,173.24,"1","1"
2170-10-16,"3",19.7,67.2,3.7,4.4,0,0.84,263.84,557.82,"1","1"
2170-10-17,"5",17.6,65.5,3.5,7.7,0,0.53,120.01,725.45,"0","1"
2170-10-18,"5",23.2,52.5,3.7,7.7,0,0.53,107.65,845.24,"1","1"
2170-10-19,"3",22.5,69.2,5.3,15.5,0,0.59,212.8,313.19,"0","0"
2170-10-21,"1",22.9,68.6,7.2,11.6,0,0.81,293.27,447.91,"0","1"
2170-10-22,"1",16.6,67,3.1,4.9,0,0.59,176.77,633.68,"0","0"
2170-10-23,"3",-7.6,33.8,2.9,0.7,0,0.75,255.36,516.08,"1","1"
2170-10-23,"4",-7.6,33.8,2.9,0.7,0,0.36,186.99,136.31,"1","1"
2170-10-23,"5",-7.6,33.8,2.9,0.7,0,0.52,191.61,808.13,"1","1"
2170-10-25,"1",19,63.1,2.8,2.6,0,0.56,287.63,44.55,"0","0"
2170-10-26,"1",18.9,61,3.4,4.5,0,0.78,238.78,599.73,"1","1"
2170-10-26,"4",18.9,61,3.4,4.5,0,0.63,122.46,981.6,"1","1"
2170-10-27,"1",21.4,58.9,3.5,3.7,0,0.94,202.46,85.32,"1","0"
2170-10-27,"4",21.4,58.9,3.5,3.7,0,0.37,155.91,249.31,"0","1"
2170-10-28,"4",23.2,57.7,6.7,21.1,0,0.3,102.11,738.72,"1","1"
2170-10-28,"5",23.2,57.7,6.7,21.1,0,0.66,171.03,837.25,"0","1"
2170-10-31,"3",23.2,68.3,4.6,12.3,0.1,0.61,259.97,197.48,"1","1"
2170-11-01,"3",14.9,62.6,6.7,12,0,0.67,208.53,135.14,"1","1"
2170-11-02,"4",20.8,59.4,7.6,13.5,0,0.65,124.7,417.38,"1","1"
2170-11-03,"4",13.7,63.6,9.1,13.5,0,0.65,104.23,797.58,"1","1"
2170-11-03,"5",13.7,63.6,9.1,13.5,0,0.35,174.87,353.62,"1","1"
2170-11-04,"3",12.9,72.3,3.5,5.4,0,0.52,214.25,256.57,"0","0"
2170-11-05,"3",15,62.5,6,10.5,0,0.7,202.18,230.4,"1","1"
2170-11-05,"4",15,62.5,6,10.5,0,0.47,144.29,563.16,"1","1"
2170-11-06,"1",12.7,74.7,7.6,13.4,0,0.56,224.77,526.02,"0","0"
2170-11-06,"4",12.7,74.7,7.6,13.4,0,0.56,197.83,505.95,"1","1"
2170-11-07,"4",11.5,71.4,10.5,15.8,0,0.36,177.33,824.77,"1","1"
2170-11-08,"2",15.9,69.9,10,15.8,0,0.9,292.2,750.16,"1","1"
2170-11-09,"3",9.7,80.5,2.7,0,0,0.82,291.58,569.52,"1","1"
2170-11-11,"3",19.2,76.1,2.6,2.8,0,0.83,241.75,397.04,"1","1"
2170-11-11,"4",19.2,76.1,2.6,2.8,0,0.52,193.65,821.54,"0","1"
2170-11-12,"1",13.8,81.2,4.6,6.9,0,0.84,282.2,92.68,"1","1"
2170-11-12,"3",13.8,81.2,4.6,6.9,0,0.8,214.08,767.72,"0","1"
2170-11-15,"5",18.9,71.1,9.5,15,0,0.31,114.91,255.63,"1","1"
2170-11-16,"2",13.9,68,5.6,9.5,0,0.74,200.13,989.49,"1","1"
2170-11-17,"1",17.3,75.2,8.4,13.4,0,0.54,268.53,129.55,"0","0"
2170-11-18,"5",17.1,63.3,4.4,5.6,0,0.33,117.82,437.24,"0","1"
2170-11-19,"4",12.7,70.9,2.8,1.8,0,0.56,192.78,754.12,"1","1"
2170-11-21,"2",17.7,68.6,5.5,8.1,0,0.96,226.11,227.74,"1","1"
2170-11-21,"4",17.7,68.6,5.5,8.1,0,0.34,133.91,290.83,"1","1"
2170-11-21,"5",17.7,68.6,5.5,8.1,0,0.5,114.42,218.19,"1","1"
2170-11-24,"2",11.8,75.9,5.3,8.3,0.2,0.9,268.34,582.35,"0","1"
2170-11-25,"1",17.8,68.4,5,7,0,0.56,195.32,257.52,"0","0"
2170-11-25,"3",17.8,68.4,5,7,0,0.54,192.68,661.7,"0","0"
2170-11-26,"5",15,65.6,10.8,19.4,0,0.61,164.35,411.71,"1","1"
2170-11-28,"3",13.6,58.4,13.9,24.6,0,0.65,178.56,361.27,"0","0"
2170-11-28,"4",13.6,58.4,13.9,24.6,0,0.3,183.45,114.84,"1","1"
2170-11-29,"4",6.5,61.7,6.3,9.3,0,0.65,173.55,367.6,"1","1"
2170-11-30,"1",-6.4,55.8,3.1,3.4,0,0.62,265.13,131.88,"0","1"
2170-12-01,"3",17.8,70.7,8.3,14.6,0.1,0.55,285.63,107.67,"0","0"
2170-12-02,"2",13.3,66.4,10.7,17.9,0,0.65,219.16,3.09,"1","1"
2170-12-03,"2",12.1,57.2,7.4,12.7,0,0.75,211.44,406.45,"1","1"
2170-12-04,"4",20.2,60.3,15.9,24.6,0.1,0.41,168.09,427.82,"1","1"
2170-12-04,"5",20.2,60.3,15.9,24.6,0.1,0.37,164.11,529.79,"1","1"
2170-12-07,"5",16.8,79.3,4.9,10.7,0.1,0.44,118.1,790.46,"1","1"
2170-12-08,"1",15.2,64.1,18.9,29.1,0,0.58,182.96,240.41,"0","0"
2170-12-09,"1",12.6,76,6.4,10.6,0.1,0.51,275.27,766.28,"0","0"
2170-12-10,"3",11.5,75.9,13.4,23.7,0.1,0.53,181.72,762.5,"0","0"
2170-12-11,"1",13,64.9,3.1,3.1,0,0.56,169.17,157.65,"0","0"
2170-12-12,"1",10.9,80.9,3.8,3.3,0,0.76,294.34,210.86,"1","1"
2170-12-12,"2",10.9,80.9,3.8,3.3,0,0.93,281.02,485.08,"1","1"
2170-12-13,"1",11.1,77.9,3.1,3.3,0,0.51,153.74,626.41,"0","0"
2170-12-13,"3",11.1,77.9,3.1,3.3,0,0.74,279.96,789.25,"1","1"
2170-12-13,"4",11.1,77.9,3.1,3.3,0,0.68,104.19,221.27,"1","1"
2170-12-13,"5",11.1,77.9,3.1,3.3,0,0.61,137.86,66.48,"1","1"
2170-12-14,"1",12.6,69,2.9,0.9,0,0.74,262.42,555.76,"1","1"
2170-12-16,"2",8.5,70.7,3,1.5,0,0.96,178.36,596.82,"0","1"
2170-12-18,"1",13,68.1,4.7,7.4,0,0.54,209.02,413.22,"0","0"
2170-12-19,"5",14.2,70,3,4.2,0,0.54,101.59,538.31,"1","0"
2170-12-20,"3",9.1,69.4,2.8,1.9,0,0.94,286.62,599.09,"0","1"
2170-12-21,"3",11.8,72.8,4.3,8.5,0,0.76,252.37,163.52,"1","1"
2170-12-21,"5",11.8,72.8,4.3,8.5,0,0.37,192.84,481.66,"1","1"
2170-12-23,"2",13.5,76.4,6,17.2,0,0.54,166.32,313.88,"1","1"
2170-12-24,"2",16.7,66,5.3,17.1,0,0.87,184.17,365.21,"1","1"
2170-12-25,"3",14.6,75,3.5,4.6,0,0.98,226.6,210.34,"1","0"
2170-12-26,"3",1.2,52.8,2.8,2.6,0,0.61,288.5,124.17,"1","1"
2170-12-27,"3",19.8,70.2,5.7,10.3,0,0.88,267.19,454.82,"1","1"
2170-12-29,"4",24.3,71.5,9.6,15,0,0.43,125.64,688.18,"1","1"
2170-12-30,"1",18.8,77.8,2.9,2.9,0,0.54,291.64,41.47,"0","0"
2171-01-01,"2",19.8,77.8,2.3,0.6,0,0.54,182.07,84.19,"1","1"
2171-01-01,"3",19.8,77.8,2.3,0.6,0,0.74,177.3,161.78,"0","0"
2171-01-02,"2",16.3,68.4,3.1,3.6,0,0.8,186.67,651.81,"1","1"
2171-01-02,"3",16.3,68.4,3.1,3.6,0,0.53,230.76,602.37,"0","0"
2171-01-06,"1",10.5,60.7,4.4,7.3,0,0.59,177.49,414.22,"0","0"
2171-01-08,"2",15.7,60.8,14.4,25,0,0.83,183.26,643.27,"1","1"
2171-01-09,"5",-1.1,54.5,8.4,11.5,0.2,0.39,193.45,237.85,"0","1"
2171-01-10,"1",15.1,72.4,3.8,6.2,0.1,0.63,170.28,234.08,"0","0"
2171-01-10,"4",15.1,72.4,3.8,6.2,0.1,0.35,149.51,344.57,"0","1"
2171-01-10,"5",15.1,72.4,3.8,6.2,0.1,0.61,126.5,352.66,"1","0"
2171-01-11,"1",13.7,60.2,7.8,10.8,0,0.79,180.49,379.13,"0","0"
2171-01-11,"3",13.7,60.2,7.8,10.8,0,0.99,272.34,550.24,"1","1"
2171-01-12,"4",8.4,67.7,4.4,5.6,0,0.57,112.28,209.59,"1","1"
2171-01-13,"4",7,74.6,4,5.2,0,0.36,166.26,729.92,"1","1"
2171-01-14,"2",9.1,70.9,3.5,3.4,0,0.74,296.9,186.48,"1","1"
2171-01-18,"1",6.4,78.8,4,4.7,0,0.78,232.68,5.29,"0","0"
2171-01-18,"3",6.4,78.8,4,4.7,0,0.6,152.27,588.8,"0","0"
2171-01-18,"4",6.4,78.8,4,4.7,0,0.6,132.38,899.68,"1","1"
2171-01-20,"3",12.7,64.9,4.2,7.1,0,0.63,243.8,544.98,"1","1"
2171-01-21,"2",12.1,65.7,6.9,10,0,0.78,286.74,163.26,"1","1"
2171-01-21,"3",12.1,65.7,6.9,10,0,0.97,286.82,52.55,"1","1"
2171-01-21,"5",12.1,65.7,6.9,10,0,0.64,181.87,755.69,"1","1"
2171-01-22,"2",5.3,64,3.1,2.7,0,0.9,236.57,834.76,"0","1"
2171-01-22,"3",5.3,64,3.1,2.7,0,0.8,163.78,337.64,"0","0"
2171-01-22,"5",5.3,64,3.1,2.7,0,0.58,106.48,932.57,"1","1"
2171-01-23,"2",10.7,59.9,5.1,8.2,0,0.73,163.21,130.65,"1","1"
2171-01-24,"3",7.9,64.7,2.5,0,0,0.58,175.52,172.26,"0","0"
2171-01-24,"5",7.9,64.7,2.5,0,0,0.65,104.76,202.34,"1","1"
2171-01-25,"1",12.3,62.1,2.8,1.8,0,0.94,291.45,311.54,"1","1"
2171-01-26,"4",12.7,67.2,2.8,2.4,0,0.5,122.47,278.79,"1","1"
2171-01-27,"1",10.1,77.1,3.9,6,0,0.83,220.79,204.17,"0","1"
2171-01-29,"2",5.4,66.6,4.3,5.3,0,0.89,163.78,709.27,"1","1"
2171-01-29,"4",5.4,66.6,4.3,5.3,0,0.68,187.82,60.57,"1","1"
2171-01-30,"1",5,69.8,4.1,6.7,0,0.65,188.37,85.81,"0","0"
2171-01-30,"3",5,69.8,4.1,6.7,0,0.81,268.05,53.7,"1","1"
2171-01-30,"5",5,69.8,4.1,6.7,0,0.39,174.85,347.68,"0","1"
2171-02-01,"5",11.6,67.1,13.1,21.1,0,0.44,126.79,415.79,"1","1"
2171-02-02,"1",12,66.6,7.1,11.7,0,0.6,238.9,34.26,"0","0"
2171-02-02,"3",12,66.6,7.1,11.7,0,0.74,258.58,615.73,"1","1"
2171-02-03,"4",11.4,72.8,3.8,4.9,0,0.57,147.2,963.97,"1","1"
2171-02-04,"2",17.6,65.6,7,10.1,0,0.51,164.24,542.66,"1","1"
2171-02-08,"3",13.4,54.8,4.2,7.7,0,0.67,171.81,645.49,"0","0"
2171-02-09,"4",14.2,53,4.4,13,0,0.54,185.47,886.98,"1","1"
2171-02-10,"3",14,64.7,3.1,3.5,0,0.69,277.96,644.89,"1","1"
2171-02-13,"1",21.8,60.8,7.3,22.6,0,0.88,228.02,539.25,"1","1"
2171-02-15,"3",12.2,72.2,12.1,18.9,0,0.7,289.91,451.61,"1","1"
2171-02-16,"4",17.6,71.7,14,23.1,0,0.67,155.96,939.77,"1","0"
2171-02-17,"4",21.4,63.1,11.7,16.9,0,0.48,185.74,23.1,"1","1"
2171-02-18,"5",15.2,70.8,5.8,9.1,0,0.35,183.68,868.67,"1","1"
2171-02-19,"3",16.7,58.5,6.3,10.7,0,0.61,244.44,42.2,"1","1"
2171-02-20,"3",12.4,58.4,8.6,14.1,0,0.84,172.71,295.08,"0","0"
2171-02-20,"4",12.4,58.4,8.6,14.1,0,0.62,152.57,256.12,"1","1"
2171-02-21,"4",20.2,57.1,18.9,31,0,0.45,131.14,616.79,"1","1"
2171-02-24,"3",20.7,69.7,13.5,19.9,0,0.85,230.58,103.2,"0","1"
2171-02-25,"2",12.1,56.2,4.8,10.2,0,0.94,187.09,741.01,"1","1"
2171-02-25,"5",12.1,56.2,4.8,10.2,0,0.46,121.2,756.68,"1","1"
2171-02-27,"3",17.7,60.6,3.5,5.6,0,0.83,173.37,233.87,"0","0"
2171-02-28,"3",18.1,58.2,3.8,5.9,0,0.89,241.48,174.6,"1","1"
2171-03-01,"4",21.3,51,9.3,20.3,0,0.56,186.21,809.82,"1","1"
2171-03-03,"3",14.7,68.3,3.7,6,0,0.89,291.4,387.54,"0","1"
2171-03-04,"3",17.5,69.5,12.4,19.4,0.1,0.94,246.12,268.35,"0","1"
2171-03-05,"4",16,66.1,7.9,13.6,0,0.48,168.76,250.73,"0","1"
2171-03-06,"5",17.3,66.3,6.7,9.4,0,0.48,196.83,117.31,"0","1"
2171-03-07,"3",13.1,63.7,5.7,13.7,0,0.68,175.21,763.43,"0","0"
2171-03-07,"4",13.1,63.7,5.7,13.7,0,0.69,178.83,934.48,"0","1"
2171-03-08,"1",20.4,61.5,5.1,13.9,0.1,0.63,206.07,229.65,"1","1"
2171-03-10,"3",21.9,56.9,7.6,17.8,0,1,191.53,660.78,"0","0"
2171-03-11,"2",19.6,57.9,10.1,23.2,0,0.7,230.42,185.32,"0","1"
2171-03-11,"3",19.6,57.9,10.1,23.2,0,0.63,230.07,558.09,"1","1"
2171-03-12,"1",14.7,77.7,8.4,14.7,0.1,0.8,290.56,34.24,"1","1"
2171-03-12,"4",14.7,77.7,8.4,14.7,0.1,0.41,105.19,68.83,"1","1"
2171-03-13,"3",18.8,77.8,7.9,14.1,0.1,0.56,277.12,359.92,"0","0"
2171-03-15,"5",19.4,64.1,21,47.1,0,0.34,142.53,161.76,"1","0"
2171-03-19,"1",16.4,58.2,12.3,26.9,0,0.72,254.6,222.08,"1","1"
2171-03-20,"3",17.5,68.2,13.4,31.7,0,0.74,207.17,786.28,"1","1"
2171-03-21,"1",16.2,49.3,22.1,49.7,0,0.9,277.38,175.4,"0","1"
2171-03-23,"3",16.5,61.6,5.5,13.5,0,0.81,221.61,341.14,"1","1"
2171-03-24,"4",21.9,50.8,7.6,18.5,0,0.63,197.4,932.95,"1","1"
2171-03-25,"5",22.6,40.5,9.9,19.5,0,0.4,179.41,30.93,"1","1"
2171-03-26,"1",20.8,48.1,10.4,17.8,0,0.77,246.08,401.53,"1","1"
2171-03-26,"5",20.8,48.1,10.4,17.8,0,0.36,120.47,126.7,"0","1"
2171-03-27,"1",17.7,36.1,8.8,15,0,0.85,282.09,747.59,"1","1"
2171-03-28,"1",21.5,33,5.5,14.7,0,0.84,159.25,720.05,"0","0"
2171-03-28,"2",21.5,33,5.5,14.7,0,0.95,158.11,656.83,"0","1"
2171-03-29,"3",17.7,47.9,5,13.4,0,0.93,275.51,353.09,"0","1"
2171-03-29,"4",17.7,47.9,5,13.4,0,0.58,151.42,690.71,"1","1"
2171-03-31,"1",19.3,69.1,13.8,23.3,0.1,0.72,244.36,320.43,"1","1"
2171-03-31,"4",19.3,69.1,13.8,23.3,0.1,0.52,176.59,396.02,"1","1"
2171-03-31,"5",19.3,69.1,13.8,23.3,0.1,0.45,173.47,299.75,"1","1"
2171-04-02,"1",13.2,52.9,9.3,20.9,0,0.88,150.45,76.33,"0","0"
2171-04-02,"5",13.2,52.9,9.3,20.9,0,0.39,139.46,393.18,"1","1"
2171-04-03,"1",10.7,61.2,4.4,6.6,0,0.74,188.46,72.1,"0","0"
2171-04-03,"2",10.7,61.2,4.4,6.6,0,0.74,297.42,345.03,"1","1"
2171-04-03,"5",10.7,61.2,4.4,6.6,0,0.39,183.35,338.84,"1","1"
2171-04-04,"1",9.4,55.8,4,6,0,0.99,193.31,468.29,"0","0"
2171-04-05,"3",15.4,41.5,3.9,9.2,0,0.69,219.15,505.55,"1","1"
2171-04-05,"5",15.4,41.5,3.9,9.2,0,0.31,101.51,471.91,"0","0"
2171-04-08,"1",21.6,59.9,9.4,18.5,0,0.97,162.72,767.47,"0","0"
2171-04-08,"4",21.6,59.9,9.4,18.5,0,0.4,117.74,472.84,"1","1"
2171-04-09,"3",15.2,46.3,5.4,14.4,0,0.53,223.88,185.04,"0","0"
2171-04-09,"5",15.2,46.3,5.4,14.4,0,0.33,156.29,145.75,"1","1"
2171-04-10,"2",23.1,43.9,9.2,21.6,0,0.52,282.86,823.35,"0","1"
2171-04-10,"5",23.1,43.9,9.2,21.6,0,0.66,182.81,460.08,"0","1"
2171-04-12,"2",21.4,63.3,12.9,34.6,0,0.78,255.86,367.63,"1","1"
2171-04-12,"4",21.4,63.3,12.9,34.6,0,0.66,185,165.85,"0","1"
2171-04-13,"4",18.9,78.9,3.5,5.2,0,0.65,118.02,759.49,"1","1"
2171-04-14,"2",22.4,63.8,3.6,5.6,0,0.75,178.38,369.98,"1","1"
2171-04-14,"3",22.4,63.8,3.6,5.6,0,1,187.49,23.21,"0","0"
2171-04-14,"4",22.4,63.8,3.6,5.6,0,0.54,130.72,884.43,"1","1"
2171-04-14,"5",22.4,63.8,3.6,5.6,0,0.32,191.27,759.09,"1","1"
2171-04-15,"3",20.2,68.7,4.5,9.3,0,0.85,224.09,645.34,"1","1"
2171-04-17,"3",22.2,61.3,7.9,14.3,0,0.8,292.04,309.2,"1","1"
2171-04-18,"1",19.4,67.8,6.9,12.3,0,0.65,248.78,414.79,"1","1"
2171-04-18,"2",19.4,67.8,6.9,12.3,0,0.84,167.55,173.11,"1","1"
2171-04-21,"2",18.2,76.1,7.7,12.6,0,0.77,165.99,155.21,"1","1"
2171-04-21,"5",18.2,76.1,7.7,12.6,0,0.55,130.23,946.96,"1","1"
2171-04-22,"2",21.8,58.3,4.3,8.9,0,0.7,276.27,716.43,"1","1"
2171-04-22,"5",21.8,58.3,4.3,8.9,0,0.42,148.06,502.41,"1","1"
2171-04-23,"1",18.2,79.7,6.3,14.2,0.3,0.91,168.52,333.37,"0","0"
2171-04-23,"4",18.2,79.7,6.3,14.2,0.3,0.35,131.71,404.25,"1","1"
2171-04-24,"2",21.8,61,12.9,23.8,0,0.76,154.34,79.29,"1","1"
2171-04-25,"4",18.5,62,3.8,6.1,0,0.38,161.8,459.43,"1","1"
2171-04-25,"5",18.5,62,3.8,6.1,0,0.39,125.17,515.22,"1","1"
2171-04-26,"4",28.3,39.1,5.1,9.2,0,0.42,121.9,435.81,"0","1"
2171-04-27,"1",23.6,51.3,3.9,9.7,0,0.57,274.31,388.96,"0","0"
2171-04-29,"1",27.2,64.3,5.6,11.2,0,0.57,276.25,522.05,"0","0"
2171-04-29,"2",27.2,64.3,5.6,11.2,0,0.58,172.01,355.75,"1","1"
2171-04-30,"2",24.1,51.7,7.4,15.7,0,0.92,220.89,528.48,"1","1"
2171-05-01,"2",23.6,56.4,6,9.7,0,0.53,241.04,649.54,"1","1"
2171-05-06,"5",20.2,58.6,8.7,17,0,0.51,161.66,258.85,"1","1"
2171-05-07,"4",24.4,48.4,8.4,15,0,0.57,122.21,276.88,"0","1"
2171-05-08,"4",25.8,51.1,5.3,10.7,0,0.43,119.7,955.25,"1","1"
2171-05-08,"5",25.8,51.1,5.3,10.7,0,0.5,179.59,76.85,"0","1"
2171-05-10,"1",29.6,49.4,4,6.3,0,0.72,231.43,748.79,"1","1"
2171-05-12,"5",28.2,55.7,4.8,9.9,0,0.43,146.79,222.96,"1","1"
2171-05-13,"4",25.9,57.7,3.4,5.5,0,0.63,159.71,409.43,"1","1"
2171-05-15,"1",31.9,51.8,5.1,17.5,0,0.96,197.47,645.49,"0","0"
2171-05-16,"1",31.4,50.1,3.5,7.8,0,0.87,204.21,557.72,"1","1"
2171-05-18,"1",36.1,38.2,4.2,10,0,0.87,294.88,88.01,"0","1"
2171-05-18,"2",36.1,38.2,4.2,10,0,0.6,247.86,650.34,"1","1"
2171-05-18,"5",36.1,38.2,4.2,10,0,0.55,174.89,553.07,"1","0"
2171-05-19,"3",28.9,51.5,6.5,19.3,0,0.95,297.54,528.57,"1","1"
2171-05-20,"3",31.2,55.2,4.5,13.3,0,0.66,212.7,738.8,"1","1"
2171-05-22,"1",36.9,43.7,4.6,11.2,0,0.81,158.48,587.79,"0","0"
2171-05-24,"1",20.7,62,6.9,13.1,0,0.85,156.44,760.75,"0","0"
2171-05-24,"2",20.7,62,6.9,13.1,0,0.97,189.23,958.56,"1","1"
2171-05-25,"2",24.1,53.9,12.3,19.1,0,0.52,240.4,872.45,"1","1"
2171-05-25,"5",24.1,53.9,12.3,19.1,0,0.32,101.08,877.01,"0","1"
2171-05-27,"1",23,60,7.5,11.6,0,0.78,264.72,590.9,"1","1"
2171-05-28,"4",29.2,40,5.8,13,0,0.4,131.61,792.37,"0","1"
2171-05-29,"3",27.1,34.1,4.3,8,0,0.92,196.79,239.11,"0","0"
2171-05-30,"2",29.9,43.3,3.7,7.1,0,0.93,191.89,392.71,"1","1"
2171-05-30,"5",29.9,43.3,3.7,7.1,0,0.37,156.8,474.27,"1","1"
2171-05-31,"1",29.9,35.9,4.8,7.2,0,0.71,214.49,480.41,"1","1"
2171-05-31,"3",29.9,35.9,4.8,7.2,0,0.52,267.37,584.07,"0","0"
2171-05-31,"4",29.9,35.9,4.8,7.2,0,0.58,150.25,868.44,"0","1"
2171-06-03,"1",36.9,51.1,3.4,12.4,0,0.95,288.12,167.99,"1","1"
2171-06-03,"2",36.9,51.1,3.4,12.4,0,0.8,185.53,852.91,"1","1"
2171-06-04,"1",33,59.1,2.8,5.6,0,0.59,243.61,644.57,"0","0"
2171-06-04,"5",33,59.1,2.8,5.6,0,0.55,159.43,64.71,"0","1"
2171-06-05,"1",34.3,47.6,6.3,12.2,0,0.73,274.73,644.16,"0","1"
2171-06-05,"3",34.3,47.6,6.3,12.2,0,0.84,227.08,286.65,"1","1"
2171-06-11,"1",39.9,35,2.9,7,0,0.51,199.88,251.35,"0","0"
2171-06-11,"5",39.9,35,2.9,7,0,0.68,195.16,257.15,"1","1"
2171-06-15,"1",41.3,34.3,3,7,0,0.84,294.99,430.1,"1","1"
2171-06-16,"1",41.3,37.9,2.4,6,0,0.53,190.79,264.63,"0","0"
2171-06-16,"3",41.3,37.9,2.4,6,0,0.88,242.36,449.52,"1","0"
2171-06-16,"4",41.3,37.9,2.4,6,0,0.66,118.17,243.12,"1","1"
2171-06-16,"5",41.3,37.9,2.4,6,0,0.42,196.97,284.59,"0","1"
2171-06-18,"4",42.2,33.1,4,15.4,0,0.68,157.09,382.15,"1","1"
2171-06-18,"5",42.2,33.1,4,15.4,0,0.49,167.65,667.69,"1","1"
2171-06-19,"3",39.3,45.7,4.5,18.4,0,0.7,259.28,535.91,"1","1"
2171-06-20,"1",37,40.8,4.2,13.3,0,0.71,245.17,642.24,"1","1"
2171-06-20,"3",37,40.8,4.2,13.3,0,0.63,257.21,569.63,"1","1"
2171-06-21,"3",35.6,53.7,3.3,8.1,0,0.81,222.17,268.55,"0","1"
2171-06-21,"5",35.6,53.7,3.3,8.1,0,0.52,103.72,441.85,"1","1"
2171-06-22,"5",39.1,38.9,3.6,11.5,0,0.34,198.09,311.73,"1","1"
2171-06-23,"1",34.8,46.8,3.7,8.5,0,0.94,276.68,207.81,"1","1"
2171-06-23,"3",34.8,46.8,3.7,8.5,0,0.74,297.32,759.25,"1","1"
2171-06-25,"3",33.9,45,4.3,11.6,0,0.59,229.38,529.3,"0","0"
2171-06-26,"2",31.7,52.6,4.4,11.2,0,0.98,223.83,209.3,"0","1"
2171-06-27,"2",27.3,54.4,3.8,7.8,0,0.65,250.36,673.86,"1","1"
2171-06-30,"2",30.9,59.4,3.9,11,0,0.94,247.25,252.72,"1","1"
2171-06-30,"5",30.9,59.4,3.9,11,0,0.58,129.89,416.04,"1","1"
2171-07-01,"2",31.3,36,3,8,0,0.9,212.35,130.38,"1","1"
2171-07-03,"2",40.6,39.3,3.9,11.2,0,0.83,231.87,718.06,"1","1"
2171-07-04,"3",34.6,46.9,7.7,14.3,0,0.52,152.55,48.81,"0","0"
2171-07-04,"5",34.6,46.9,7.7,14.3,0,0.45,122.75,639.01,"1","1"
2171-07-05,"2",42.4,35,3.7,12.4,0,0.73,228.09,71.48,"1","1"
2171-07-07,"4",40.4,39.7,6.8,18.4,0,0.37,129.14,217.49,"1","0"
2171-07-08,"1",34.6,35.5,5.5,14.1,0,0.53,211.84,218.44,"0","0"
2171-07-08,"5",34.6,35.5,5.5,14.1,0,0.49,116.53,983.96,"1","1"
2171-07-09,"2",39.3,32,3.8,8.1,0,0.6,216.49,833.86,"1","1"
2171-07-09,"5",39.3,32,3.8,8.1,0,0.59,182.52,283.54,"0","1"
2171-07-11,"1",43.2,32.6,2.5,6.6,0,0.59,240.79,116.86,"0","0"
2171-07-13,"2",40.7,25.5,2.6,7.3,0,0.71,204.91,19.51,"1","1"
2171-07-13,"4",40.7,25.5,2.6,7.3,0,0.35,167.31,157.95,"0","1"
2171-07-13,"5",40.7,25.5,2.6,7.3,0,0.38,153.88,889.15,"1","1"
2171-07-14,"1",40.4,38.5,2.5,7.1,0,0.87,195.14,319.94,"0","0"
2171-07-14,"5",40.4,38.5,2.5,7.1,0,0.43,123.76,711.98,"0","1"
2171-07-16,"1",40.4,29.6,2.2,6.8,0,0.8,243.78,343.56,"0","1"
2171-07-17,"2",42.5,30.1,2.8,7.4,0,0.82,192.02,656.02,"0","1"
2171-07-17,"3",42.5,30.1,2.8,7.4,0,0.86,286.62,480.26,"1","1"
2171-07-17,"4",42.5,30.1,2.8,7.4,0,0.51,125.72,410.06,"1","1"
2171-07-18,"1",44,25.5,5.2,20.7,0,0.55,226.23,25.09,"0","0"
2171-07-19,"2",39.7,38.9,3.6,12.1,0,0.68,241.54,493.45,"0","1"
2171-07-20,"3",36.1,45.3,5.4,13.6,0,0.97,221.03,560.04,"1","1"
2171-07-21,"1",41.1,27.3,2.5,5.2,0,0.54,163.85,666.51,"0","0"
2171-07-22,"1",39.8,47.8,7.6,16.4,0,0.65,159.06,608.91,"0","0"
2171-07-23,"2",37.9,36.9,3.9,9.4,0,0.83,218.3,269.03,"1","1"
2171-07-24,"2",42.9,35.7,2.4,6.9,0,0.97,208.13,779.18,"1","1"
2171-07-25,"4",39.4,42.4,10.2,19.7,0,0.41,178.83,194.5,"1","1"
2171-07-26,"4",35.3,42,6.9,15.4,0,0.65,167.81,91.84,"1","1"
2171-07-28,"4",35.5,39.9,4.8,11.5,0,0.4,150.59,934.73,"1","0"
2171-07-29,"1",35.7,45.8,5,13.2,0,0.85,210.12,111.06,"1","1"
2171-07-30,"4",41.3,35.4,4.1,11.2,0,0.36,101.04,734.2,"1","1"
2171-07-30,"5",41.3,35.4,4.1,11.2,0,0.7,141.24,754.09,"0","1"
2171-07-31,"4",44.5,27.8,3.5,9.6,0,0.35,116.18,676.85,"0","1"
2171-08-01,"4",38.8,30.8,4.5,10.5,0,0.65,192.87,637.69,"1","1"
2171-08-02,"3",43.1,27.9,3,7.2,0,0.87,264.79,404.55,"1","1"
2171-08-02,"4",43.1,27.9,3,7.2,0,0.45,161.19,682.42,"0","1"
2171-08-03,"4",44.1,31.1,3,9.3,0,0.57,123.03,294.4,"1","0"
2171-08-04,"2",41.7,33.4,4.3,10.8,0,0.96,200.47,586.4,"0","1"
2171-08-06,"2",42.2,34,3.4,10.6,0,0.53,231.75,171.3,"0","1"
2171-08-07,"3",42.4,27.1,3.1,8.9,0,0.87,240.17,390.57,"1","1"
2171-08-07,"5",42.4,27.1,3.1,8.9,0,0.4,179.48,786.87,"1","1"
2171-08-10,"2",46.3,21.4,3.8,10.3,0,0.63,226.81,590.88,"1","1"
2171-08-10,"3",46.3,21.4,3.8,10.3,0,0.91,157.17,653.76,"0","0"
2171-08-10,"4",46.3,21.4,3.8,10.3,0,0.39,115.98,400.7,"1","1"
2171-08-12,"2",44.8,40.2,2.9,8.6,0,0.77,250.86,173.9,"0","1"
2171-08-12,"4",44.8,40.2,2.9,8.6,0,0.45,122.68,88.54,"1","1"
2171-08-13,"4",41.2,38.7,3.5,10,0,0.59,143.31,656.15,"0","1"
2171-08-14,"1",37.1,44,5.9,12.8,0,0.56,222.64,455.16,"0","0"
2171-08-15,"4",37,37.2,3.4,9.2,0,0.37,121.46,557.18,"1","1"
2171-08-16,"4",36.3,41.9,5,11.3,0,0.46,195.95,664.01,"1","1"
2171-08-16,"5",36.3,41.9,5,11.3,0,0.62,179.67,456.45,"0","1"
2171-08-19,"1",37.7,37.5,6,12.9,0,0.63,166.79,758.66,"0","0"
2171-08-20,"2",40.1,31.4,3.1,9.9,0,0.51,183.31,155.27,"1","1"
2171-08-21,"1",38.4,36.4,6.1,13.6,0,0.73,289.51,727.18,"1","1"
2171-08-23,"3",38.5,41.6,4,8.3,0,0.69,180.08,739.6,"0","0"
2171-08-25,"2",37.9,45.3,5.9,13.5,0,0.78,236.1,987.06,"1","0"
2171-08-28,"3",37.5,29.9,2.6,5.9,0,0.82,260.38,501.41,"0","1"
2171-08-30,"4",41.5,34.1,3.6,7.6,0,0.54,114.78,290.95,"1","1"
2171-08-30,"5",41.5,34.1,3.6,7.6,0,0.32,186.13,920.84,"1","1"
2171-08-31,"3",35,48.1,5.7,9.5,0,0.66,150.9,371.73,"0","0"
2171-09-01,"2",38.4,44.1,3.6,8.6,0,0.66,278.31,372.13,"0","1"
2171-09-03,"1",35.3,44,2.1,5.6,0,0.89,222.15,280.97,"1","1"
2171-09-03,"4",35.3,44,2.1,5.6,0,0.39,195.58,266.94,"1","1"
2171-09-04,"3",37.7,47.6,4.5,14.2,0,0.7,271.2,362.27,"0","1"
2171-09-04,"4",37.7,47.6,4.5,14.2,0,0.64,187,782.88,"1","1"
2171-09-06,"1",39.6,46.7,3.1,9.2,0,0.58,234.18,337.44,"0","0"
2171-09-07,"1",35.1,41,3.5,9.1,0,0.69,211.25,15.68,"0","1"
2171-09-08,"5",33.6,37.5,2.3,5.8,0,0.36,180.22,201.69,"1","1"
2171-09-10,"1",36,49.9,2.8,5.3,0,0.55,225.77,479.68,"0","0"
2171-09-11,"3",42.9,33.6,3.1,9.9,0,0.61,154.68,316.24,"0","0"
2171-09-15,"1",39.5,47.4,4.2,10.1,0,0.61,244.73,394.73,"1","0"
2171-09-15,"2",39.5,47.4,4.2,10.1,0,0.54,209.25,604.78,"1","1"
2171-09-15,"3",39.5,47.4,4.2,10.1,0,0.87,265.82,537.74,"1","1"
2171-09-16,"1",36.2,42.5,7.8,19,0,0.54,214.36,310.84,"0","0"
2171-09-17,"2",32.4,34.2,3.1,9.4,0,0.91,198.14,132.74,"1","1"
2171-09-17,"3",32.4,34.2,3.1,9.4,0,0.85,266.4,505.91,"1","1"
2171-09-18,"3",28.8,30.7,1.9,4.4,0,0.66,218.9,245.11,"1","1"
2171-09-18,"5",28.8,30.7,1.9,4.4,0,0.69,156.29,543.71,"0","1"
2171-09-19,"1",34.8,26.6,2.9,6.9,0,0.88,239.25,531.86,"1","1"
2171-09-20,"5",29.8,30.5,3.5,8,0,0.67,194.01,992.26,"0","1"
2171-09-22,"2",36.1,40.1,2.4,5.7,0,0.67,262.52,433.25,"0","1"
2171-09-23,"4",29.9,47.1,3.1,8.3,0,0.5,119.93,46.6,"1","1"
2171-09-24,"4",31.7,60.6,5.1,11.6,0,0.68,111.74,780.19,"1","1"
2171-09-25,"2",31.2,46.1,3.4,8.6,0,0.63,165.03,32.72,"1","1"
2171-09-25,"3",31.2,46.1,3.4,8.6,0,0.97,228.56,149.36,"1","1"
2171-09-25,"4",31.2,46.1,3.4,8.6,0,0.49,178.73,338.85,"1","1"
2171-09-30,"1",24,55.6,6.9,14.1,0,0.65,188.6,89.18,"0","0"
2171-09-30,"2",24,55.6,6.9,14.1,0,0.72,217.03,774.39,"1","1"
2171-09-30,"5",24,55.6,6.9,14.1,0,0.58,120.14,175.72,"0","1"
2171-10-01,"4",27,53.8,7.3,12,0,0.54,153.52,118.84,"1","1"
2171-10-03,"1",21.8,67.2,3,2.5,0,0.78,247.26,84.57,"1","1"
2171-10-03,"5",21.8,67.2,3,2.5,0,0.43,104.59,415.97,"1","1"
2171-10-04,"3",26.1,61.7,3,3.3,0,0.76,186.9,682.17,"0","0"
2171-10-05,"3",29.5,58.7,4.6,14.2,0,0.5,267.39,508.71,"0","0"
2171-10-06,"5",22.3,65.9,4.3,6.9,0,0.64,180.1,722.49,"1","1"
2171-10-10,"3",26.9,67.8,4.4,11.4,0,0.88,172.46,174.69,"0","0"
2171-10-10,"4",26.9,67.8,4.4,11.4,0,0.64,119.7,298.1,"1","1"
2171-10-12,"4",23.9,60.9,3.6,4.3,0,0.46,119.82,644.67,"1","1"
2171-10-12,"5",23.9,60.9,3.6,4.3,0,0.5,129,806.57,"1","1"
2171-10-13,"5",25.9,60.5,4.5,7.3,0,0.69,199.84,995.13,"0","1"
2171-10-15,"1",23.5,68.4,4.4,7.5,0,0.75,153.06,27.79,"0","0"
2171-10-17,"1",14,55.1,5.5,14,0,0.66,264.79,705.25,"1","1"
2171-10-17,"4",14,55.1,5.5,14,0,0.38,177.69,503.26,"1","1"
2171-10-21,"4",-14.8,17.6,3.3,3.1,0,0.31,149.91,754.25,"1","1"
2171-10-22,"2",19.9,51.7,4.6,8.4,0,0.82,187.6,755.37,"0","1"
2171-10-22,"3",19.9,51.7,4.6,8.4,0,0.76,241.55,222.44,"1","1"
2171-10-22,"4",19.9,51.7,4.6,8.4,0,0.32,146.33,542.56,"1","1"
2171-10-23,"5",30.1,43.6,4.1,12.7,0,0.32,139.29,689.05,"1","1"
2171-10-24,"5",27.1,57.6,3.3,4,0,0.55,150.41,575.6,"1","1"
2171-10-27,"3",26.8,72,5.5,17.7,0,0.71,257.42,542.22,"1","0"
2171-10-28,"2",29.4,64.5,5.6,18.7,0,0.82,247.64,152.44,"1","1"
2171-10-30,"1",25.4,52.7,4.8,11.8,0,0.85,275.2,697.89,"1","1"
2171-10-30,"4",25.4,52.7,4.8,11.8,0,0.6,194.49,348.26,"0","1"
2171-10-31,"4",26.1,50.4,3.9,10.9,0,0.35,141.61,839.07,"1","1"
2171-11-03,"3",19.9,72,8.3,14.6,0,0.75,264.95,500.37,"1","1"
2171-11-07,"4",21.9,64.7,4.6,9.1,0,0.36,105.27,11.55,"0","1"
2171-11-09,"4",19.4,80.1,2.7,2.8,0,0.48,106.98,297.6,"1","1"
2171-11-13,"1",22.8,58.7,3.8,8,0,0.86,185.15,304.24,"0","0"
2171-11-16,"1",19,58.1,3.4,6.5,0,0.84,176.12,395.12,"0","0"
2171-11-16,"2",19,58.1,3.4,6.5,0,0.99,263.49,137.38,"1","1"
2171-11-17,"3",22.6,75.4,8.4,13.2,0,0.81,294.61,614.86,"1","1"
2171-11-19,"2",15.3,70.3,8.3,15.1,0,0.7,176.87,240.42,"1","1"
2171-11-19,"5",15.3,70.3,8.3,15.1,0,0.55,174.74,154.15,"0","1"
2171-11-20,"5",11.4,71.4,5.6,8.7,0,0.46,120.68,951.08,"0","1"
2171-11-21,"2",17,76.5,7.1,15.5,0,0.72,199.42,580.47,"1","1"
2171-11-22,"1",15.9,77.9,7.7,16.2,0,0.68,200.68,623.23,"1","0"
2171-11-24,"3",17.8,75.4,3.2,4.2,0,0.77,253.62,620.82,"0","0"
2171-11-24,"4",17.8,75.4,3.2,4.2,0,0.43,107.54,837,"1","1"
2171-11-24,"5",17.8,75.4,3.2,4.2,0,0.34,156.02,529.01,"0","1"
2171-11-25,"2",15.7,65.1,7.9,14.3,0,0.7,178.59,572.98,"1","1"
2171-11-28,"1",14,62,9.5,17.2,0,0.57,168.88,10.02,"0","0"
2171-11-29,"1",17.3,67.5,4.1,6.4,0,0.71,210.06,4.33,"1","0"
2171-11-30,"1",12.3,70.4,3,3.3,0,0.76,210.96,145.31,"1","1"
2171-11-30,"3",12.3,70.4,3,3.3,0,0.56,261.93,433.07,"0","0"
2171-12-03,"1",15,60.2,2.9,3.4,0,0.74,157.57,674.42,"0","0"
2171-12-03,"2",15,60.2,2.9,3.4,0,0.9,170.33,856.22,"1","1"
2171-12-04,"4",14,65.4,3.4,4,0,0.62,199.6,136.47,"0","1"
2171-12-05,"3",13.3,58.9,4.2,5.5,0.1,0.63,175.51,273.62,"0","0"
2171-12-05,"4",13.3,58.9,4.2,5.5,0.1,0.5,132.62,158.01,"0","1"
2171-12-07,"1",16.9,59.3,3.1,2.9,0,0.93,288.25,409.92,"1","1"
2171-12-07,"2",16.9,59.3,3.1,2.9,0,0.82,261.17,634.78,"1","1"
2171-12-08,"5",16.3,74.8,5.6,11.6,0,0.34,116.05,854.95,"1","1"
2171-12-09,"5",17.9,81.9,3.1,4.8,0,0.41,189.54,223.32,"1","1"
2171-12-10,"1",7.6,59.9,6.5,11.1,0,0.69,280.05,60.43,"0","1"
2171-12-11,"4",5.4,60.7,3.2,2.5,0,0.48,111.35,907.78,"1","1"
2171-12-12,"2",10.7,69.4,6.6,19.8,0.1,0.79,290.4,860.42,"1","1"
2171-12-12,"3",10.7,69.4,6.6,19.8,0.1,0.54,216.1,196.85,"0","0"
2171-12-13,"1",14.1,72.8,6.1,13.2,0,0.57,182.32,220.92,"0","0"
2171-12-13,"5",14.1,72.8,6.1,13.2,0,0.64,155.42,465.04,"0","1"
2171-12-14,"1",22.6,75,3.3,5.5,0,1,287.67,381.34,"0","0"
2171-12-14,"4",22.6,75,3.3,5.5,0,0.36,138.82,598.49,"1","1"
2171-12-15,"3",20.1,82.3,3.2,4.5,0,0.54,150.23,679.16,"0","0"
2171-12-16,"1",2.7,52.8,5,5.5,0,0.78,189.73,553.04,"0","0"
2171-12-18,"2",16,64.3,5.4,14,0,0.54,202.9,168.39,"1","1"
2171-12-18,"3",16,64.3,5.4,14,0,0.51,239.96,715.95,"0","0"
2171-12-20,"4",17.5,70.9,5.2,15.6,0,0.36,184.75,167.25,"1","1"
2171-12-21,"1",22.8,67.3,3.4,3.8,0,0.78,262.35,628.47,"1","1"
2171-12-21,"4",22.8,67.3,3.4,3.8,0,0.36,178.99,824.19,"0","1"
2171-12-22,"1",16.8,67.6,3.3,4.2,0,0.57,269.44,119.93,"0","0"
2171-12-22,"2",16.8,67.6,3.3,4.2,0,0.8,231.56,572.52,"1","1"
2171-12-22,"5",16.8,67.6,3.3,4.2,0,0.39,112.15,577.63,"1","1"
2171-12-24,"2",19.4,66.4,3.1,1,0,0.81,240.57,391.51,"1","1"
2171-12-24,"3",19.4,66.4,3.1,1,0,0.62,244.38,223.34,"1","1"
2171-12-25,"1",18.3,67.9,4.6,12.3,0,0.9,274.21,380.63,"1","1"
2171-12-25,"3",18.3,67.9,4.6,12.3,0,0.88,160.15,665.2,"0","0"
2171-12-26,"4",22.3,63.9,2.9,3.2,0,0.6,110.51,731.97,"1","1"
2171-12-27,"2",20.9,71.6,2.4,0,0,0.81,212.32,670.11,"1","1"
2171-12-28,"3",18.2,68.6,4.6,11,0,0.64,202.68,446.11,"1","1"
2171-12-29,"3",17,71.3,3.8,7.7,0,0.87,242.92,135.98,"0","1"
2171-12-30,"1",23.2,67.6,4.7,13.3,0,1,265.7,440.21,"0","1"
